{
  "version": "1.3",
  "provenance_status": "pending",
  "last_updated": "2026-01-22T16:07:14.421759+00:00",
  "target_file": {
    "filename": "AnthroHeart.7z",
    "size_bytes": 5623651986,
    "sha256": "3cd2e28518493a397ac9cc3274f6e65e0820d518a3729ebd4aa32b86ad554d5d",
    "sha512": "5313945c927b15f2d035e979b725adc56cf495479122a6f2109ff360ca21abb56c370f52e47e3390838eddd61fdb720a0c49fa67a0c134a6f2447698aaed17ae"
  },
  "identity": {
    "public_key": "2a47fd7aca22d338b671ca18485b47d5fb51a6461426fdcad9b850b1c49195ae",
    "signature": "1303cb025a6de94b490e3d9e80192b817e08815ea08320f8dfd91b26cbc5e8d1ad4286fb198456db765c5d2cb0d7c84d1007cf15d05b0cd8a833146a4a467e0e",
    "signed_payload": "sha512|note"
  },
  "artifacts": {
    "proof_file": "AnthroHeart.7z.ots",
    "json_file": "AnthroHeart.7z.provenance.json"
  },
  "blockchain_data": {
    "block_height": null,
    "confirmed_at": null
  },
  "user_note": "1/22/2026 Gold Master"
}