{
  "version": "1.3",
  "provenance_status": "pending",
  "last_updated": "2026-01-22T16:11:46.488037+00:00",
  "target_file": {
    "filename": "FurryOS_WAV_Masters.7z",
    "size_bytes": 4030637062,
    "sha256": "2131d7e6350b17f0dd8d807370bf86b5f325922b356467e670216f5e7b7ee182",
    "sha512": "d778b9ac0b60cea16454666f5eca4538d003f17989120685ddea41ead04b1c58f6d53da78ecf221cb105178d701bf9a3ea704cdef8f10b8623b57f1ea21a3cf3"
  },
  "identity": {
    "public_key": "2a47fd7aca22d338b671ca18485b47d5fb51a6461426fdcad9b850b1c49195ae",
    "signature": "961532e8dbedba73662bfafa4708d88734c3721516bd0ae0cb305b810431aeec47dc9f38b226f9aff9ae07ebf7d925ceb86a5319cd9182580b0acd79250b8707",
    "signed_payload": "sha512|note"
  },
  "artifacts": {
    "proof_file": "FurryOS_WAV_Masters.7z.ots",
    "json_file": "FurryOS_WAV_Masters.7z.provenance.json"
  },
  "blockchain_data": {
    "block_height": null,
    "confirmed_at": null
  },
  "user_note": "1/22/2026"
}