{
  "version": "1.3",
  "provenance_status": "pending",
  "last_updated": "2026-01-22T16:10:56.599741+00:00",
  "target_file": {
    "filename": "FurryOS_Gen2.1_v2_Workspace.7z",
    "size_bytes": 1085638515,
    "sha256": "af7ed9b8f4fc67e0e1a0fe0d047e0acdb1d932747027e8c1a4b553988ee5855e",
    "sha512": "98d21506586fe3270ba192e8e1856692b313dbabc9aa5db05fa63079969aaf24e9d45674267568250d756e5f5c9cebb760dfa80e455e15b2fc87e9398d58d64b"
  },
  "identity": {
    "public_key": "2a47fd7aca22d338b671ca18485b47d5fb51a6461426fdcad9b850b1c49195ae",
    "signature": "4ac259ff82dac68440451252f3c2aedf61bc9bdd4cf18fb2d0dc5be8c539c19c409a3357ed47f4f26751b430ce1188365b4ff80bf5a20bab73df53a737867001",
    "signed_payload": "sha512|note"
  },
  "artifacts": {
    "proof_file": "FurryOS_Gen2.1_v2_Workspace.7z.ots",
    "json_file": "FurryOS_Gen2.1_v2_Workspace.7z.provenance.json"
  },
  "blockchain_data": {
    "block_height": null,
    "confirmed_at": null
  },
  "user_note": "1/22/2026 Gold Master"
}