{
  "version": "1.3",
  "provenance_status": "pending",
  "last_updated": "2026-01-23T12:35:34.485536+00:00",
  "target_file": {
    "filename": "FurryOS_WAV_Masters.7z",
    "size_bytes": 3929907965,
    "sha256": "db5b2d125cb22eb8a31a17120f407b75826c8ae419cd3d0677add6af97aa8202",
    "sha512": "d6a4ebcce40c450695f046c43bacb0a00dc63b3c0549a03c24815902f44ba59f9bcd297467cb6bcb77d7a7c5dba2c5cd4fb993bc79ab12a98240fff1859480a4"
  },
  "identity": {
    "public_key": "2a47fd7aca22d338b671ca18485b47d5fb51a6461426fdcad9b850b1c49195ae",
    "signature": "41a3962a85b7538ff19429318fa42c985cf763c9a4f0272b72b3c91c19ef16d3532c821cdceb4e66c1bc70f27a52450d24f6ad180f73197302d871150dc6bc0d",
    "signed_payload": "sha512|note"
  },
  "artifacts": {
    "proof_file": "FurryOS_WAV_Masters.7z.ots",
    "json_file": "FurryOS_WAV_Masters.7z.provenance.json"
  },
  "blockchain_data": {
    "block_height": null,
    "confirmed_at": null
  },
  "user_note": "Gold Master 1/23/2026 [Anthro Entertainment LLC]"
}