{
  "version": "1.3",
  "provenance_status": "pending",
  "last_updated": "2026-01-22T16:15:07.522260+00:00",
  "target_file": {
    "filename": "The_AnthroHeart_Collection_New_Crashproof_Framework.7z",
    "size_bytes": 5913996300,
    "sha256": "deda23394c7e8a7ba4fac0870a02c4102d6f8ef551ddd5e072f2db856dad9f69",
    "sha512": "c79554fcf9792d75bca272858abd2d5202ea5457a6db53086961feb5f088be78782b4222f86f41b162e6e45e9ff8bc2918359f96d09e4bfd0b007985a6a8c3e1"
  },
  "identity": {
    "public_key": "2a47fd7aca22d338b671ca18485b47d5fb51a6461426fdcad9b850b1c49195ae",
    "signature": "a446bcb76b90813533c4e734589ed2223ae9f2fa17e091956e98814de7dc081e3a82f8f5585cebb598b8f0eaac736c33d711d041da94b89d787c4bd4888fe104",
    "signed_payload": "sha512|note"
  },
  "artifacts": {
    "proof_file": "The_AnthroHeart_Collection_New_Crashproof_Framework.7z.ots",
    "json_file": "The_AnthroHeart_Collection_New_Crashproof_Framework.7z.provenance.json"
  },
  "blockchain_data": {
    "block_height": null,
    "confirmed_at": null
  },
  "user_note": "1/22/2026 Gold Master"
}